model,n_features,MAE,RMSE,R2,within_10pct,within_15pct
0_osrm_as_is,1,17.02023615030447,27.20410324433398,-0.1796035036879846,5.98173176889945,9.152680825783454
1_baseline,11,11.140847796105877,19.393219558347504,0.40053055270104554,18.70637160255458,27.536016634486852
2_centrality,21,10.085030023257012,17.844117414995374,0.4924750821951469,21.457745432942225,32.051091638199914
3_graphsage,53,10.026020268679327,17.75476897849474,0.4975448794840688,22.107530075746322,32.32214466062676
